{"cameraMode":{"drawMode":0,"name":"Shaded","section":"Shading Mode"},"sceneLighting":true,"audioPlay":false,"sceneViewState":{"showFog":true,"showMaterialUpdate":true,"showSkybox":true,"showFlares":true,"showImageEffects":true,"showParticleSystems":true,"showVisualEffectGraphs":true,"m_FxEnabled":true},"in2DMode":false,"pivot":{"x":1.0659451484680176,"y":0.6843070983886719,"z":0.7312955856323242},"rotation":{"x":0.2316635698080063,"y":-0.21756179630756379,"z":0.05324093997478485,"w":0.9466603398323059},"size":4.9749369621276859,"orthographic":false}